Welcome board decor (3000-5000),,,
1,https://pin.it/6eIaxRQZK,,Engagement 
2,https://pin.it/3u28WnZUY,,Engagement
3,https://pin.it/6TlBbxsBA,,Haldi
4,https://pin.it/aDwBHZXKb,,Haldi
5,https://pin.it/60wzB6rOy,,Mehendi
6,https://pin.it/67XI4eJk9,,Mehendi
7,https://pin.it/10ElOzu7w,,Sangeet
8,https://pin.it/Eqgeet0kS,,Sangeet
9,https://pin.it/1oUHCw9BR,,Wedding
10,https://pin.it/1oUHCw9BR,,Wedding
11,https://pin.it/BBBmZlSuF,,Reception
12,https://pin.it/1Y94kXxOi,,Reception
,,,
Welcome board decor (5001-8000),,,
1,https://pin.it/4SHYnw2rT,,Engagement 
2,https://pin.it/4zPcodvSC,,Engagement
3,https://pin.it/5vC3ZeW6Y,,Haldi
4,https://pin.it/7L41LcJjw,,Haldi
5,https://pin.it/4cRHiIzpS,,Mehendi
6,https://pin.it/5XKGyslBf,,Mehendi
7,https://pin.it/2vod3Ez8n,,Sangeet
8,https://pin.it/57rPNwZ67,,Sangeet
9,https://pin.it/6Xa8b7MWc,,Wedding
10,https://pin.it/3MLlemyjh,,Wedding
11,https://pin.it/5ohTvs2U2,,Reception
12,https://pin.it/729KcDda7,,Reception
,,,
Welcome board decor (8001-15000),,,
1,https://pin.it/1mh9e8aQ8,,Engagement 
2,https://pin.it/XeQRFSqQP,,Engagement
3,https://pin.it/2zENfdaUM,,Haldi
4,https://pin.it/67ZE8Y3P7,,Haldi
5,https://pin.it/52X9wP7d9,,Mehendi
6,https://pin.it/6x1scEcTN,,Mehendi
7,https://pin.it/4rUxyGTBw,,Sangeet
8,https://pin.it/59hXYgy1Y,,Sangeet
9,https://pin.it/52X9wP7d9,,Wedding
10,https://pin.it/12mppsBkz,,Wedding
11,https://pin.it/43pWvjooQ,,Reception
12,https://pin.it/KejbMu6ZQ,,Reception